{
    "version": "1.4.0",
    "project": {
        "name": "root",
        "directory": "C:\\Users\\blair\\OneDrive\\Documents\\Scala_golden\\.metals\\tsqr",
        "workspaceDir": "C:\\Users\\blair\\OneDrive\\Documents\\Scala_golden\\.metals\\tsqr",
        "sources": [
            "C:\\Users\\blair\\OneDrive\\Documents\\Scala_golden\\.metals\\tsqr\\src\\main\\scala",
            "C:\\Users\\blair\\OneDrive\\Documents\\Scala_golden\\.metals\\tsqr\\src\\main\\scala-2.13",
            "C:\\Users\\blair\\OneDrive\\Documents\\Scala_golden\\.metals\\tsqr\\src\\main\\scala-2",
            "C:\\Users\\blair\\OneDrive\\Documents\\Scala_golden\\.metals\\tsqr\\src\\main\\java",
            "C:\\Users\\blair\\OneDrive\\Documents\\Scala_golden\\.metals\\tsqr\\target\\scala-2.13\\src_managed\\main"
        ],
        "dependencies": [
            
        ],
        "classpath": [
            "C:\\Users\\blair\\AppData\\Local\\Coursier\\Cache\\v1\\https\\repo1.maven.org\\maven2\\org\\scala-lang\\scala-library\\2.13.7\\scala-library-2.13.7.jar",
            "C:\\Users\\blair\\AppData\\Local\\Coursier\\Cache\\v1\\https\\repo1.maven.org\\maven2\\edu\\berkeley\\cs\\chiseltest_2.13\\0.5.0\\chiseltest_2.13-0.5.0.jar",
            "C:\\Users\\blair\\AppData\\Local\\Coursier\\Cache\\v1\\https\\repo1.maven.org\\maven2\\edu\\berkeley\\cs\\chisel3_2.13\\3.5.0\\chisel3_2.13-3.5.0.jar",
            "C:\\Users\\blair\\AppData\\Local\\Coursier\\Cache\\v1\\https\\repo1.maven.org\\maven2\\edu\\berkeley\\cs\\treadle_2.13\\1.5.0\\treadle_2.13-1.5.0.jar",
            "C:\\Users\\blair\\AppData\\Local\\Coursier\\Cache\\v1\\https\\repo1.maven.org\\maven2\\org\\scalatest\\scalatest_2.13\\3.1.4\\scalatest_2.13-3.1.4.jar",
            "C:\\Users\\blair\\AppData\\Local\\Coursier\\Cache\\v1\\https\\repo1.maven.org\\maven2\\com\\lihaoyi\\utest_2.13\\0.7.9\\utest_2.13-0.7.9.jar",
            "C:\\Users\\blair\\AppData\\Local\\Coursier\\Cache\\v1\\https\\repo1.maven.org\\maven2\\net\\java\\dev\\jna\\jna\\5.10.0\\jna-5.10.0.jar",
            "C:\\Users\\blair\\AppData\\Local\\Coursier\\Cache\\v1\\https\\repo1.maven.org\\maven2\\org\\scala-lang\\scala-reflect\\2.13.7\\scala-reflect-2.13.7.jar",
            "C:\\Users\\blair\\AppData\\Local\\Coursier\\Cache\\v1\\https\\repo1.maven.org\\maven2\\edu\\berkeley\\cs\\chisel3-macros_2.13\\3.5.0\\chisel3-macros_2.13-3.5.0.jar",
            "C:\\Users\\blair\\AppData\\Local\\Coursier\\Cache\\v1\\https\\repo1.maven.org\\maven2\\edu\\berkeley\\cs\\chisel3-core_2.13\\3.5.0\\chisel3-core_2.13-3.5.0.jar",
            "C:\\Users\\blair\\AppData\\Local\\Coursier\\Cache\\v1\\https\\repo1.maven.org\\maven2\\com\\lihaoyi\\os-lib_2.13\\0.8.0\\os-lib_2.13-0.8.0.jar",
            "C:\\Users\\blair\\AppData\\Local\\Coursier\\Cache\\v1\\https\\repo1.maven.org\\maven2\\edu\\berkeley\\cs\\firrtl_2.13\\1.5.0\\firrtl_2.13-1.5.0.jar",
            "C:\\Users\\blair\\AppData\\Local\\Coursier\\Cache\\v1\\https\\repo1.maven.org\\maven2\\org\\scala-lang\\modules\\scala-jline\\2.12.1\\scala-jline-2.12.1.jar",
            "C:\\Users\\blair\\AppData\\Local\\Coursier\\Cache\\v1\\https\\repo1.maven.org\\maven2\\org\\scalactic\\scalactic_2.13\\3.1.4\\scalactic_2.13-3.1.4.jar",
            "C:\\Users\\blair\\AppData\\Local\\Coursier\\Cache\\v1\\https\\repo1.maven.org\\maven2\\org\\scala-lang\\modules\\scala-xml_2.13\\1.2.0\\scala-xml_2.13-1.2.0.jar",
            "C:\\Users\\blair\\AppData\\Local\\Coursier\\Cache\\v1\\https\\repo1.maven.org\\maven2\\org\\scala-sbt\\test-interface\\1.0\\test-interface-1.0.jar",
            "C:\\Users\\blair\\AppData\\Local\\Coursier\\Cache\\v1\\https\\repo1.maven.org\\maven2\\org\\portable-scala\\portable-scala-reflect_2.13\\0.1.1\\portable-scala-reflect_2.13-0.1.1.jar",
            "C:\\Users\\blair\\AppData\\Local\\Coursier\\Cache\\v1\\https\\repo1.maven.org\\maven2\\com\\lihaoyi\\geny_2.13\\0.7.0\\geny_2.13-0.7.0.jar",
            "C:\\Users\\blair\\AppData\\Local\\Coursier\\Cache\\v1\\https\\repo1.maven.org\\maven2\\org\\antlr\\antlr4-runtime\\4.9.3\\antlr4-runtime-4.9.3.jar",
            "C:\\Users\\blair\\AppData\\Local\\Coursier\\Cache\\v1\\https\\repo1.maven.org\\maven2\\com\\google\\protobuf\\protobuf-java\\3.18.0\\protobuf-java-3.18.0.jar",
            "C:\\Users\\blair\\AppData\\Local\\Coursier\\Cache\\v1\\https\\repo1.maven.org\\maven2\\com\\github\\scopt\\scopt_2.13\\3.7.1\\scopt_2.13-3.7.1.jar",
            "C:\\Users\\blair\\AppData\\Local\\Coursier\\Cache\\v1\\https\\repo1.maven.org\\maven2\\net\\jcazevedo\\moultingyaml_2.13\\0.4.2\\moultingyaml_2.13-0.4.2.jar",
            "C:\\Users\\blair\\AppData\\Local\\Coursier\\Cache\\v1\\https\\repo1.maven.org\\maven2\\org\\json4s\\json4s-native_2.13\\3.6.12\\json4s-native_2.13-3.6.12.jar",
            "C:\\Users\\blair\\AppData\\Local\\Coursier\\Cache\\v1\\https\\repo1.maven.org\\maven2\\org\\apache\\commons\\commons-text\\1.9\\commons-text-1.9.jar",
            "C:\\Users\\blair\\AppData\\Local\\Coursier\\Cache\\v1\\https\\repo1.maven.org\\maven2\\io\\github\\alexarchambault\\data-class_2.13\\0.2.5\\data-class_2.13-0.2.5.jar",
            "C:\\Users\\blair\\AppData\\Local\\Coursier\\Cache\\v1\\https\\repo1.maven.org\\maven2\\org\\scala-lang\\modules\\scala-parallel-collections_2.13\\1.0.4\\scala-parallel-collections_2.13-1.0.4.jar",
            "C:\\Users\\blair\\AppData\\Local\\Coursier\\Cache\\v1\\https\\repo1.maven.org\\maven2\\org\\fusesource\\jansi\\jansi\\1.11\\jansi-1.11.jar",
            "C:\\Users\\blair\\AppData\\Local\\Coursier\\Cache\\v1\\https\\repo1.maven.org\\maven2\\com\\github\\nscala-time\\nscala-time_2.13\\2.22.0\\nscala-time_2.13-2.22.0.jar",
            "C:\\Users\\blair\\AppData\\Local\\Coursier\\Cache\\v1\\https\\repo1.maven.org\\maven2\\org\\yaml\\snakeyaml\\1.26\\snakeyaml-1.26.jar",
            "C:\\Users\\blair\\AppData\\Local\\Coursier\\Cache\\v1\\https\\repo1.maven.org\\maven2\\org\\json4s\\json4s-core_2.13\\3.6.12\\json4s-core_2.13-3.6.12.jar",
            "C:\\Users\\blair\\AppData\\Local\\Coursier\\Cache\\v1\\https\\repo1.maven.org\\maven2\\org\\apache\\commons\\commons-lang3\\3.11\\commons-lang3-3.11.jar",
            "C:\\Users\\blair\\AppData\\Local\\Coursier\\Cache\\v1\\https\\repo1.maven.org\\maven2\\joda-time\\joda-time\\2.10.1\\joda-time-2.10.1.jar",
            "C:\\Users\\blair\\AppData\\Local\\Coursier\\Cache\\v1\\https\\repo1.maven.org\\maven2\\org\\joda\\joda-convert\\2.2.0\\joda-convert-2.2.0.jar",
            "C:\\Users\\blair\\AppData\\Local\\Coursier\\Cache\\v1\\https\\repo1.maven.org\\maven2\\org\\json4s\\json4s-ast_2.13\\3.6.12\\json4s-ast_2.13-3.6.12.jar",
            "C:\\Users\\blair\\AppData\\Local\\Coursier\\Cache\\v1\\https\\repo1.maven.org\\maven2\\org\\json4s\\json4s-scalap_2.13\\3.6.12\\json4s-scalap_2.13-3.6.12.jar",
            "C:\\Users\\blair\\AppData\\Local\\Coursier\\Cache\\v1\\https\\repo1.maven.org\\maven2\\com\\thoughtworks\\paranamer\\paranamer\\2.8\\paranamer-2.8.jar"
        ],
        "out": "C:\\Users\\blair\\OneDrive\\Documents\\Scala_golden\\.metals\\tsqr\\.bloop\\root",
        "classesDir": "C:\\Users\\blair\\OneDrive\\Documents\\Scala_golden\\.metals\\tsqr\\.bloop\\root\\scala-2.13\\classes",
        "resources": [
            "C:\\Users\\blair\\OneDrive\\Documents\\Scala_golden\\.metals\\tsqr\\src\\main\\resources",
            "C:\\Users\\blair\\OneDrive\\Documents\\Scala_golden\\.metals\\tsqr\\target\\scala-2.13\\resource_managed\\main"
        ],
        "scala": {
            "organization": "org.scala-lang",
            "name": "scala-compiler",
            "version": "2.13.7",
            "options": [
                "-Xplugin:C:\\Users\\blair\\AppData\\Local\\Coursier\\Cache\\v1\\https\\repo1.maven.org\\maven2\\edu\\berkeley\\cs\\chisel3-plugin_2.13.7\\3.5.0\\chisel3-plugin_2.13.7-3.5.0.jar"
            ],
            "jars": [
                "C:\\Users\\blair\\AppData\\Local\\Coursier\\Cache\\v1\\https\\repo1.maven.org\\maven2\\org\\scala-lang\\scala-library\\2.13.7\\scala-library-2.13.7.jar",
                "C:\\Users\\blair\\AppData\\Local\\Coursier\\Cache\\v1\\https\\repo1.maven.org\\maven2\\org\\scala-lang\\scala-compiler\\2.13.7\\scala-compiler-2.13.7.jar",
                "C:\\Users\\blair\\AppData\\Local\\Coursier\\Cache\\v1\\https\\repo1.maven.org\\maven2\\org\\scala-lang\\scala-reflect\\2.13.7\\scala-reflect-2.13.7.jar",
                "C:\\Users\\blair\\AppData\\Local\\Coursier\\Cache\\v1\\https\\repo1.maven.org\\maven2\\org\\jline\\jline\\3.20.0\\jline-3.20.0.jar",
                "C:\\Users\\blair\\AppData\\Local\\Coursier\\Cache\\v1\\https\\repo1.maven.org\\maven2\\net\\java\\dev\\jna\\jna\\5.8.0\\jna-5.8.0.jar"
            ],
            "setup": {
                "order": "mixed",
                "addLibraryToBootClasspath": true,
                "addCompilerToClasspath": false,
                "addExtraJarsToClasspath": false,
                "manageBootClasspath": true,
                "filterLibraryFromClasspath": true
            }
        },
        "java": {
            "options": [
                
            ]
        },
        "test": {
            "frameworks": [
                {
                    "names": [
                        "org.scalacheck.ScalaCheckFramework"
                    ]
                },
                {
                    "names": [
                        "org.specs2.runner.Specs2Framework",
                        "org.specs2.runner.SpecsFramework"
                    ]
                },
                {
                    "names": [
                        "org.specs.runner.SpecsFramework"
                    ]
                },
                {
                    "names": [
                        "org.scalatest.tools.Framework",
                        "org.scalatest.tools.ScalaTestFramework"
                    ]
                },
                {
                    "names": [
                        "com.novocode.junit.JUnitFramework"
                    ]
                },
                {
                    "names": [
                        "munit.Framework"
                    ]
                },
                {
                    "names": [
                        "zio.test.sbt.ZTestFramework"
                    ]
                },
                {
                    "names": [
                        "weaver.framework.CatsEffect"
                    ]
                },
                {
                    "names": [
                        "hedgehog.sbt.Framework"
                    ]
                }
            ],
            "options": {
                "excludes": [
                    
                ],
                "arguments": [
                    
                ]
            }
        },
        "platform": {
            "name": "jvm",
            "config": {
                "home": "C:\\Program Files\\Java\\jdk-17",
                "options": [
                    "-Duser.dir=C:\\Users\\blair\\OneDrive\\Documents\\Scala_golden\\.metals\\tsqr"
                ]
            },
            "mainClass": [
                
            ]
        },
        "resolution": {
            "modules": [
                {
                    "organization": "org.scala-lang",
                    "name": "scala-library",
                    "version": "2.13.7",
                    "configurations": "default",
                    "artifacts": [
                        {
                            "name": "scala-library",
                            "path": "C:\\Users\\blair\\AppData\\Local\\Coursier\\Cache\\v1\\https\\repo1.maven.org\\maven2\\org\\scala-lang\\scala-library\\2.13.7\\scala-library-2.13.7.jar"
                        },
                        {
                            "name": "scala-library",
                            "classifier": "sources",
                            "path": "C:\\Users\\blair\\AppData\\Local\\Coursier\\Cache\\v1\\https\\repo1.maven.org\\maven2\\org\\scala-lang\\scala-library\\2.13.7\\scala-library-2.13.7-sources.jar"
                        }
                    ]
                },
                {
                    "organization": "edu.berkeley.cs",
                    "name": "chiseltest_2.13",
                    "version": "0.5.0",
                    "configurations": "default",
                    "artifacts": [
                        {
                            "name": "chiseltest_2.13",
                            "path": "C:\\Users\\blair\\AppData\\Local\\Coursier\\Cache\\v1\\https\\repo1.maven.org\\maven2\\edu\\berkeley\\cs\\chiseltest_2.13\\0.5.0\\chiseltest_2.13-0.5.0.jar"
                        },
                        {
                            "name": "chiseltest_2.13",
                            "classifier": "sources",
                            "path": "C:\\Users\\blair\\AppData\\Local\\Coursier\\Cache\\v1\\https\\repo1.maven.org\\maven2\\edu\\berkeley\\cs\\chiseltest_2.13\\0.5.0\\chiseltest_2.13-0.5.0-sources.jar"
                        }
                    ]
                },
                {
                    "organization": "edu.berkeley.cs",
                    "name": "chisel3_2.13",
                    "version": "3.5.0",
                    "configurations": "default",
                    "artifacts": [
                        {
                            "name": "chisel3_2.13",
                            "path": "C:\\Users\\blair\\AppData\\Local\\Coursier\\Cache\\v1\\https\\repo1.maven.org\\maven2\\edu\\berkeley\\cs\\chisel3_2.13\\3.5.0\\chisel3_2.13-3.5.0.jar"
                        },
                        {
                            "name": "chisel3_2.13",
                            "classifier": "sources",
                            "path": "C:\\Users\\blair\\AppData\\Local\\Coursier\\Cache\\v1\\https\\repo1.maven.org\\maven2\\edu\\berkeley\\cs\\chisel3_2.13\\3.5.0\\chisel3_2.13-3.5.0-sources.jar"
                        }
                    ]
                },
                {
                    "organization": "edu.berkeley.cs",
                    "name": "treadle_2.13",
                    "version": "1.5.0",
                    "configurations": "default",
                    "artifacts": [
                        {
                            "name": "treadle_2.13",
                            "path": "C:\\Users\\blair\\AppData\\Local\\Coursier\\Cache\\v1\\https\\repo1.maven.org\\maven2\\edu\\berkeley\\cs\\treadle_2.13\\1.5.0\\treadle_2.13-1.5.0.jar"
                        },
                        {
                            "name": "treadle_2.13",
                            "classifier": "sources",
                            "path": "C:\\Users\\blair\\AppData\\Local\\Coursier\\Cache\\v1\\https\\repo1.maven.org\\maven2\\edu\\berkeley\\cs\\treadle_2.13\\1.5.0\\treadle_2.13-1.5.0-sources.jar"
                        }
                    ]
                },
                {
                    "organization": "org.scalatest",
                    "name": "scalatest_2.13",
                    "version": "3.1.4",
                    "configurations": "default",
                    "artifacts": [
                        {
                            "name": "scalatest_2.13",
                            "path": "C:\\Users\\blair\\AppData\\Local\\Coursier\\Cache\\v1\\https\\repo1.maven.org\\maven2\\org\\scalatest\\scalatest_2.13\\3.1.4\\scalatest_2.13-3.1.4.jar"
                        },
                        {
                            "name": "scalatest_2.13",
                            "classifier": "sources",
                            "path": "C:\\Users\\blair\\AppData\\Local\\Coursier\\Cache\\v1\\https\\repo1.maven.org\\maven2\\org\\scalatest\\scalatest_2.13\\3.1.4\\scalatest_2.13-3.1.4-sources.jar"
                        }
                    ]
                },
                {
                    "organization": "com.lihaoyi",
                    "name": "utest_2.13",
                    "version": "0.7.9",
                    "configurations": "default",
                    "artifacts": [
                        {
                            "name": "utest_2.13",
                            "path": "C:\\Users\\blair\\AppData\\Local\\Coursier\\Cache\\v1\\https\\repo1.maven.org\\maven2\\com\\lihaoyi\\utest_2.13\\0.7.9\\utest_2.13-0.7.9.jar"
                        },
                        {
                            "name": "utest_2.13",
                            "classifier": "sources",
                            "path": "C:\\Users\\blair\\AppData\\Local\\Coursier\\Cache\\v1\\https\\repo1.maven.org\\maven2\\com\\lihaoyi\\utest_2.13\\0.7.9\\utest_2.13-0.7.9-sources.jar"
                        }
                    ]
                },
                {
                    "organization": "net.java.dev.jna",
                    "name": "jna",
                    "version": "5.10.0",
                    "configurations": "default",
                    "artifacts": [
                        {
                            "name": "jna",
                            "path": "C:\\Users\\blair\\AppData\\Local\\Coursier\\Cache\\v1\\https\\repo1.maven.org\\maven2\\net\\java\\dev\\jna\\jna\\5.10.0\\jna-5.10.0.jar"
                        },
                        {
                            "name": "jna",
                            "classifier": "sources",
                            "path": "C:\\Users\\blair\\AppData\\Local\\Coursier\\Cache\\v1\\https\\repo1.maven.org\\maven2\\net\\java\\dev\\jna\\jna\\5.10.0\\jna-5.10.0-sources.jar"
                        }
                    ]
                },
                {
                    "organization": "org.scala-lang",
                    "name": "scala-reflect",
                    "version": "2.13.7",
                    "configurations": "default",
                    "artifacts": [
                        {
                            "name": "scala-reflect",
                            "path": "C:\\Users\\blair\\AppData\\Local\\Coursier\\Cache\\v1\\https\\repo1.maven.org\\maven2\\org\\scala-lang\\scala-reflect\\2.13.7\\scala-reflect-2.13.7.jar"
                        },
                        {
                            "name": "scala-reflect",
                            "classifier": "sources",
                            "path": "C:\\Users\\blair\\AppData\\Local\\Coursier\\Cache\\v1\\https\\repo1.maven.org\\maven2\\org\\scala-lang\\scala-reflect\\2.13.7\\scala-reflect-2.13.7-sources.jar"
                        }
                    ]
                },
                {
                    "organization": "edu.berkeley.cs",
                    "name": "chisel3-macros_2.13",
                    "version": "3.5.0",
                    "configurations": "default",
                    "artifacts": [
                        {
                            "name": "chisel3-macros_2.13",
                            "path": "C:\\Users\\blair\\AppData\\Local\\Coursier\\Cache\\v1\\https\\repo1.maven.org\\maven2\\edu\\berkeley\\cs\\chisel3-macros_2.13\\3.5.0\\chisel3-macros_2.13-3.5.0.jar"
                        },
                        {
                            "name": "chisel3-macros_2.13",
                            "classifier": "sources",
                            "path": "C:\\Users\\blair\\AppData\\Local\\Coursier\\Cache\\v1\\https\\repo1.maven.org\\maven2\\edu\\berkeley\\cs\\chisel3-macros_2.13\\3.5.0\\chisel3-macros_2.13-3.5.0-sources.jar"
                        }
                    ]
                },
                {
                    "organization": "edu.berkeley.cs",
                    "name": "chisel3-core_2.13",
                    "version": "3.5.0",
                    "configurations": "default",
                    "artifacts": [
                        {
                            "name": "chisel3-core_2.13",
                            "path": "C:\\Users\\blair\\AppData\\Local\\Coursier\\Cache\\v1\\https\\repo1.maven.org\\maven2\\edu\\berkeley\\cs\\chisel3-core_2.13\\3.5.0\\chisel3-core_2.13-3.5.0.jar"
                        },
                        {
                            "name": "chisel3-core_2.13",
                            "classifier": "sources",
                            "path": "C:\\Users\\blair\\AppData\\Local\\Coursier\\Cache\\v1\\https\\repo1.maven.org\\maven2\\edu\\berkeley\\cs\\chisel3-core_2.13\\3.5.0\\chisel3-core_2.13-3.5.0-sources.jar"
                        }
                    ]
                },
                {
                    "organization": "com.lihaoyi",
                    "name": "os-lib_2.13",
                    "version": "0.8.0",
                    "configurations": "default",
                    "artifacts": [
                        {
                            "name": "os-lib_2.13",
                            "path": "C:\\Users\\blair\\AppData\\Local\\Coursier\\Cache\\v1\\https\\repo1.maven.org\\maven2\\com\\lihaoyi\\os-lib_2.13\\0.8.0\\os-lib_2.13-0.8.0.jar"
                        },
                        {
                            "name": "os-lib_2.13",
                            "classifier": "sources",
                            "path": "C:\\Users\\blair\\AppData\\Local\\Coursier\\Cache\\v1\\https\\repo1.maven.org\\maven2\\com\\lihaoyi\\os-lib_2.13\\0.8.0\\os-lib_2.13-0.8.0-sources.jar"
                        }
                    ]
                },
                {
                    "organization": "edu.berkeley.cs",
                    "name": "firrtl_2.13",
                    "version": "1.5.0",
                    "configurations": "default",
                    "artifacts": [
                        {
                            "name": "firrtl_2.13",
                            "path": "C:\\Users\\blair\\AppData\\Local\\Coursier\\Cache\\v1\\https\\repo1.maven.org\\maven2\\edu\\berkeley\\cs\\firrtl_2.13\\1.5.0\\firrtl_2.13-1.5.0.jar"
                        },
                        {
                            "name": "firrtl_2.13",
                            "classifier": "sources",
                            "path": "C:\\Users\\blair\\AppData\\Local\\Coursier\\Cache\\v1\\https\\repo1.maven.org\\maven2\\edu\\berkeley\\cs\\firrtl_2.13\\1.5.0\\firrtl_2.13-1.5.0-sources.jar"
                        }
                    ]
                },
                {
                    "organization": "org.scala-lang.modules",
                    "name": "scala-jline",
                    "version": "2.12.1",
                    "configurations": "default",
                    "artifacts": [
                        {
                            "name": "scala-jline",
                            "path": "C:\\Users\\blair\\AppData\\Local\\Coursier\\Cache\\v1\\https\\repo1.maven.org\\maven2\\org\\scala-lang\\modules\\scala-jline\\2.12.1\\scala-jline-2.12.1.jar"
                        },
                        {
                            "name": "scala-jline",
                            "classifier": "sources",
                            "path": "C:\\Users\\blair\\AppData\\Local\\Coursier\\Cache\\v1\\https\\repo1.maven.org\\maven2\\org\\scala-lang\\modules\\scala-jline\\2.12.1\\scala-jline-2.12.1-sources.jar"
                        }
                    ]
                },
                {
                    "organization": "org.scalactic",
                    "name": "scalactic_2.13",
                    "version": "3.1.4",
                    "configurations": "default",
                    "artifacts": [
                        {
                            "name": "scalactic_2.13",
                            "path": "C:\\Users\\blair\\AppData\\Local\\Coursier\\Cache\\v1\\https\\repo1.maven.org\\maven2\\org\\scalactic\\scalactic_2.13\\3.1.4\\scalactic_2.13-3.1.4.jar"
                        },
                        {
                            "name": "scalactic_2.13",
                            "classifier": "sources",
                            "path": "C:\\Users\\blair\\AppData\\Local\\Coursier\\Cache\\v1\\https\\repo1.maven.org\\maven2\\org\\scalactic\\scalactic_2.13\\3.1.4\\scalactic_2.13-3.1.4-sources.jar"
                        }
                    ]
                },
                {
                    "organization": "org.scala-lang.modules",
                    "name": "scala-xml_2.13",
                    "version": "1.2.0",
                    "configurations": "default",
                    "artifacts": [
                        {
                            "name": "scala-xml_2.13",
                            "path": "C:\\Users\\blair\\AppData\\Local\\Coursier\\Cache\\v1\\https\\repo1.maven.org\\maven2\\org\\scala-lang\\modules\\scala-xml_2.13\\1.2.0\\scala-xml_2.13-1.2.0.jar"
                        },
                        {
                            "name": "scala-xml_2.13",
                            "classifier": "sources",
                            "path": "C:\\Users\\blair\\AppData\\Local\\Coursier\\Cache\\v1\\https\\repo1.maven.org\\maven2\\org\\scala-lang\\modules\\scala-xml_2.13\\1.2.0\\scala-xml_2.13-1.2.0-sources.jar"
                        }
                    ]
                },
                {
                    "organization": "org.scala-sbt",
                    "name": "test-interface",
                    "version": "1.0",
                    "configurations": "default",
                    "artifacts": [
                        {
                            "name": "test-interface",
                            "path": "C:\\Users\\blair\\AppData\\Local\\Coursier\\Cache\\v1\\https\\repo1.maven.org\\maven2\\org\\scala-sbt\\test-interface\\1.0\\test-interface-1.0.jar"
                        },
                        {
                            "name": "test-interface",
                            "classifier": "sources",
                            "path": "C:\\Users\\blair\\AppData\\Local\\Coursier\\Cache\\v1\\https\\repo1.maven.org\\maven2\\org\\scala-sbt\\test-interface\\1.0\\test-interface-1.0-sources.jar"
                        }
                    ]
                },
                {
                    "organization": "org.portable-scala",
                    "name": "portable-scala-reflect_2.13",
                    "version": "0.1.1",
                    "configurations": "default",
                    "artifacts": [
                        {
                            "name": "portable-scala-reflect_2.13",
                            "path": "C:\\Users\\blair\\AppData\\Local\\Coursier\\Cache\\v1\\https\\repo1.maven.org\\maven2\\org\\portable-scala\\portable-scala-reflect_2.13\\0.1.1\\portable-scala-reflect_2.13-0.1.1.jar"
                        },
                        {
                            "name": "portable-scala-reflect_2.13",
                            "classifier": "sources",
                            "path": "C:\\Users\\blair\\AppData\\Local\\Coursier\\Cache\\v1\\https\\repo1.maven.org\\maven2\\org\\portable-scala\\portable-scala-reflect_2.13\\0.1.1\\portable-scala-reflect_2.13-0.1.1-sources.jar"
                        }
                    ]
                },
                {
                    "organization": "com.lihaoyi",
                    "name": "geny_2.13",
                    "version": "0.7.0",
                    "configurations": "default",
                    "artifacts": [
                        {
                            "name": "geny_2.13",
                            "path": "C:\\Users\\blair\\AppData\\Local\\Coursier\\Cache\\v1\\https\\repo1.maven.org\\maven2\\com\\lihaoyi\\geny_2.13\\0.7.0\\geny_2.13-0.7.0.jar"
                        },
                        {
                            "name": "geny_2.13",
                            "classifier": "sources",
                            "path": "C:\\Users\\blair\\AppData\\Local\\Coursier\\Cache\\v1\\https\\repo1.maven.org\\maven2\\com\\lihaoyi\\geny_2.13\\0.7.0\\geny_2.13-0.7.0-sources.jar"
                        }
                    ]
                },
                {
                    "organization": "org.antlr",
                    "name": "antlr4-runtime",
                    "version": "4.9.3",
                    "configurations": "default",
                    "artifacts": [
                        {
                            "name": "antlr4-runtime",
                            "path": "C:\\Users\\blair\\AppData\\Local\\Coursier\\Cache\\v1\\https\\repo1.maven.org\\maven2\\org\\antlr\\antlr4-runtime\\4.9.3\\antlr4-runtime-4.9.3.jar"
                        },
                        {
                            "name": "antlr4-runtime",
                            "classifier": "sources",
                            "path": "C:\\Users\\blair\\AppData\\Local\\Coursier\\Cache\\v1\\https\\repo1.maven.org\\maven2\\org\\antlr\\antlr4-runtime\\4.9.3\\antlr4-runtime-4.9.3-sources.jar"
                        }
                    ]
                },
                {
                    "organization": "com.google.protobuf",
                    "name": "protobuf-java",
                    "version": "3.18.0",
                    "configurations": "default",
                    "artifacts": [
                        {
                            "name": "protobuf-java",
                            "path": "C:\\Users\\blair\\AppData\\Local\\Coursier\\Cache\\v1\\https\\repo1.maven.org\\maven2\\com\\google\\protobuf\\protobuf-java\\3.18.0\\protobuf-java-3.18.0.jar"
                        },
                        {
                            "name": "protobuf-java",
                            "classifier": "sources",
                            "path": "C:\\Users\\blair\\AppData\\Local\\Coursier\\Cache\\v1\\https\\repo1.maven.org\\maven2\\com\\google\\protobuf\\protobuf-java\\3.18.0\\protobuf-java-3.18.0-sources.jar"
                        }
                    ]
                },
                {
                    "organization": "com.github.scopt",
                    "name": "scopt_2.13",
                    "version": "3.7.1",
                    "configurations": "default",
                    "artifacts": [
                        {
                            "name": "scopt_2.13",
                            "path": "C:\\Users\\blair\\AppData\\Local\\Coursier\\Cache\\v1\\https\\repo1.maven.org\\maven2\\com\\github\\scopt\\scopt_2.13\\3.7.1\\scopt_2.13-3.7.1.jar"
                        },
                        {
                            "name": "scopt_2.13",
                            "classifier": "sources",
                            "path": "C:\\Users\\blair\\AppData\\Local\\Coursier\\Cache\\v1\\https\\repo1.maven.org\\maven2\\com\\github\\scopt\\scopt_2.13\\3.7.1\\scopt_2.13-3.7.1-sources.jar"
                        }
                    ]
                },
                {
                    "organization": "net.jcazevedo",
                    "name": "moultingyaml_2.13",
                    "version": "0.4.2",
                    "configurations": "default",
                    "artifacts": [
                        {
                            "name": "moultingyaml_2.13",
                            "path": "C:\\Users\\blair\\AppData\\Local\\Coursier\\Cache\\v1\\https\\repo1.maven.org\\maven2\\net\\jcazevedo\\moultingyaml_2.13\\0.4.2\\moultingyaml_2.13-0.4.2.jar"
                        },
                        {
                            "name": "moultingyaml_2.13",
                            "classifier": "sources",
                            "path": "C:\\Users\\blair\\AppData\\Local\\Coursier\\Cache\\v1\\https\\repo1.maven.org\\maven2\\net\\jcazevedo\\moultingyaml_2.13\\0.4.2\\moultingyaml_2.13-0.4.2-sources.jar"
                        }
                    ]
                },
                {
                    "organization": "org.json4s",
                    "name": "json4s-native_2.13",
                    "version": "3.6.12",
                    "configurations": "default",
                    "artifacts": [
                        {
                            "name": "json4s-native_2.13",
                            "path": "C:\\Users\\blair\\AppData\\Local\\Coursier\\Cache\\v1\\https\\repo1.maven.org\\maven2\\org\\json4s\\json4s-native_2.13\\3.6.12\\json4s-native_2.13-3.6.12.jar"
                        },
                        {
                            "name": "json4s-native_2.13",
                            "classifier": "sources",
                            "path": "C:\\Users\\blair\\AppData\\Local\\Coursier\\Cache\\v1\\https\\repo1.maven.org\\maven2\\org\\json4s\\json4s-native_2.13\\3.6.12\\json4s-native_2.13-3.6.12-sources.jar"
                        }
                    ]
                },
                {
                    "organization": "org.apache.commons",
                    "name": "commons-text",
                    "version": "1.9",
                    "configurations": "default",
                    "artifacts": [
                        {
                            "name": "commons-text",
                            "path": "C:\\Users\\blair\\AppData\\Local\\Coursier\\Cache\\v1\\https\\repo1.maven.org\\maven2\\org\\apache\\commons\\commons-text\\1.9\\commons-text-1.9.jar"
                        },
                        {
                            "name": "commons-text",
                            "classifier": "sources",
                            "path": "C:\\Users\\blair\\AppData\\Local\\Coursier\\Cache\\v1\\https\\repo1.maven.org\\maven2\\org\\apache\\commons\\commons-text\\1.9\\commons-text-1.9-sources.jar"
                        }
                    ]
                },
                {
                    "organization": "io.github.alexarchambault",
                    "name": "data-class_2.13",
                    "version": "0.2.5",
                    "configurations": "default",
                    "artifacts": [
                        {
                            "name": "data-class_2.13",
                            "path": "C:\\Users\\blair\\AppData\\Local\\Coursier\\Cache\\v1\\https\\repo1.maven.org\\maven2\\io\\github\\alexarchambault\\data-class_2.13\\0.2.5\\data-class_2.13-0.2.5.jar"
                        },
                        {
                            "name": "data-class_2.13",
                            "classifier": "sources",
                            "path": "C:\\Users\\blair\\AppData\\Local\\Coursier\\Cache\\v1\\https\\repo1.maven.org\\maven2\\io\\github\\alexarchambault\\data-class_2.13\\0.2.5\\data-class_2.13-0.2.5-sources.jar"
                        }
                    ]
                },
                {
                    "organization": "org.scala-lang.modules",
                    "name": "scala-parallel-collections_2.13",
                    "version": "1.0.4",
                    "configurations": "default",
                    "artifacts": [
                        {
                            "name": "scala-parallel-collections_2.13",
                            "path": "C:\\Users\\blair\\AppData\\Local\\Coursier\\Cache\\v1\\https\\repo1.maven.org\\maven2\\org\\scala-lang\\modules\\scala-parallel-collections_2.13\\1.0.4\\scala-parallel-collections_2.13-1.0.4.jar"
                        },
                        {
                            "name": "scala-parallel-collections_2.13",
                            "classifier": "sources",
                            "path": "C:\\Users\\blair\\AppData\\Local\\Coursier\\Cache\\v1\\https\\repo1.maven.org\\maven2\\org\\scala-lang\\modules\\scala-parallel-collections_2.13\\1.0.4\\scala-parallel-collections_2.13-1.0.4-sources.jar"
                        }
                    ]
                },
                {
                    "organization": "org.fusesource.jansi",
                    "name": "jansi",
                    "version": "1.11",
                    "configurations": "default",
                    "artifacts": [
                        {
                            "name": "jansi",
                            "path": "C:\\Users\\blair\\AppData\\Local\\Coursier\\Cache\\v1\\https\\repo1.maven.org\\maven2\\org\\fusesource\\jansi\\jansi\\1.11\\jansi-1.11.jar"
                        },
                        {
                            "name": "jansi",
                            "classifier": "sources",
                            "path": "C:\\Users\\blair\\AppData\\Local\\Coursier\\Cache\\v1\\https\\repo1.maven.org\\maven2\\org\\fusesource\\jansi\\jansi\\1.11\\jansi-1.11-sources.jar"
                        }
                    ]
                },
                {
                    "organization": "com.github.nscala-time",
                    "name": "nscala-time_2.13",
                    "version": "2.22.0",
                    "configurations": "default",
                    "artifacts": [
                        {
                            "name": "nscala-time_2.13",
                            "path": "C:\\Users\\blair\\AppData\\Local\\Coursier\\Cache\\v1\\https\\repo1.maven.org\\maven2\\com\\github\\nscala-time\\nscala-time_2.13\\2.22.0\\nscala-time_2.13-2.22.0.jar"
                        },
                        {
                            "name": "nscala-time_2.13",
                            "classifier": "sources",
                            "path": "C:\\Users\\blair\\AppData\\Local\\Coursier\\Cache\\v1\\https\\repo1.maven.org\\maven2\\com\\github\\nscala-time\\nscala-time_2.13\\2.22.0\\nscala-time_2.13-2.22.0-sources.jar"
                        }
                    ]
                },
                {
                    "organization": "org.yaml",
                    "name": "snakeyaml",
                    "version": "1.26",
                    "configurations": "default",
                    "artifacts": [
                        {
                            "name": "snakeyaml",
                            "path": "C:\\Users\\blair\\AppData\\Local\\Coursier\\Cache\\v1\\https\\repo1.maven.org\\maven2\\org\\yaml\\snakeyaml\\1.26\\snakeyaml-1.26.jar"
                        },
                        {
                            "name": "snakeyaml",
                            "classifier": "sources",
                            "path": "C:\\Users\\blair\\AppData\\Local\\Coursier\\Cache\\v1\\https\\repo1.maven.org\\maven2\\org\\yaml\\snakeyaml\\1.26\\snakeyaml-1.26-sources.jar"
                        }
                    ]
                },
                {
                    "organization": "org.json4s",
                    "name": "json4s-core_2.13",
                    "version": "3.6.12",
                    "configurations": "default",
                    "artifacts": [
                        {
                            "name": "json4s-core_2.13",
                            "path": "C:\\Users\\blair\\AppData\\Local\\Coursier\\Cache\\v1\\https\\repo1.maven.org\\maven2\\org\\json4s\\json4s-core_2.13\\3.6.12\\json4s-core_2.13-3.6.12.jar"
                        },
                        {
                            "name": "json4s-core_2.13",
                            "classifier": "sources",
                            "path": "C:\\Users\\blair\\AppData\\Local\\Coursier\\Cache\\v1\\https\\repo1.maven.org\\maven2\\org\\json4s\\json4s-core_2.13\\3.6.12\\json4s-core_2.13-3.6.12-sources.jar"
                        }
                    ]
                },
                {
                    "organization": "org.apache.commons",
                    "name": "commons-lang3",
                    "version": "3.11",
                    "configurations": "default",
                    "artifacts": [
                        {
                            "name": "commons-lang3",
                            "path": "C:\\Users\\blair\\AppData\\Local\\Coursier\\Cache\\v1\\https\\repo1.maven.org\\maven2\\org\\apache\\commons\\commons-lang3\\3.11\\commons-lang3-3.11.jar"
                        },
                        {
                            "name": "commons-lang3",
                            "classifier": "sources",
                            "path": "C:\\Users\\blair\\AppData\\Local\\Coursier\\Cache\\v1\\https\\repo1.maven.org\\maven2\\org\\apache\\commons\\commons-lang3\\3.11\\commons-lang3-3.11-sources.jar"
                        }
                    ]
                },
                {
                    "organization": "joda-time",
                    "name": "joda-time",
                    "version": "2.10.1",
                    "configurations": "default",
                    "artifacts": [
                        {
                            "name": "joda-time",
                            "path": "C:\\Users\\blair\\AppData\\Local\\Coursier\\Cache\\v1\\https\\repo1.maven.org\\maven2\\joda-time\\joda-time\\2.10.1\\joda-time-2.10.1.jar"
                        },
                        {
                            "name": "joda-time",
                            "classifier": "sources",
                            "path": "C:\\Users\\blair\\AppData\\Local\\Coursier\\Cache\\v1\\https\\repo1.maven.org\\maven2\\joda-time\\joda-time\\2.10.1\\joda-time-2.10.1-sources.jar"
                        }
                    ]
                },
                {
                    "organization": "org.joda",
                    "name": "joda-convert",
                    "version": "2.2.0",
                    "configurations": "default",
                    "artifacts": [
                        {
                            "name": "joda-convert",
                            "path": "C:\\Users\\blair\\AppData\\Local\\Coursier\\Cache\\v1\\https\\repo1.maven.org\\maven2\\org\\joda\\joda-convert\\2.2.0\\joda-convert-2.2.0.jar"
                        },
                        {
                            "name": "joda-convert",
                            "classifier": "sources",
                            "path": "C:\\Users\\blair\\AppData\\Local\\Coursier\\Cache\\v1\\https\\repo1.maven.org\\maven2\\org\\joda\\joda-convert\\2.2.0\\joda-convert-2.2.0-sources.jar"
                        }
                    ]
                },
                {
                    "organization": "org.json4s",
                    "name": "json4s-ast_2.13",
                    "version": "3.6.12",
                    "configurations": "default",
                    "artifacts": [
                        {
                            "name": "json4s-ast_2.13",
                            "path": "C:\\Users\\blair\\AppData\\Local\\Coursier\\Cache\\v1\\https\\repo1.maven.org\\maven2\\org\\json4s\\json4s-ast_2.13\\3.6.12\\json4s-ast_2.13-3.6.12.jar"
                        },
                        {
                            "name": "json4s-ast_2.13",
                            "classifier": "sources",
                            "path": "C:\\Users\\blair\\AppData\\Local\\Coursier\\Cache\\v1\\https\\repo1.maven.org\\maven2\\org\\json4s\\json4s-ast_2.13\\3.6.12\\json4s-ast_2.13-3.6.12-sources.jar"
                        }
                    ]
                },
                {
                    "organization": "org.json4s",
                    "name": "json4s-scalap_2.13",
                    "version": "3.6.12",
                    "configurations": "default",
                    "artifacts": [
                        {
                            "name": "json4s-scalap_2.13",
                            "path": "C:\\Users\\blair\\AppData\\Local\\Coursier\\Cache\\v1\\https\\repo1.maven.org\\maven2\\org\\json4s\\json4s-scalap_2.13\\3.6.12\\json4s-scalap_2.13-3.6.12.jar"
                        },
                        {
                            "name": "json4s-scalap_2.13",
                            "classifier": "sources",
                            "path": "C:\\Users\\blair\\AppData\\Local\\Coursier\\Cache\\v1\\https\\repo1.maven.org\\maven2\\org\\json4s\\json4s-scalap_2.13\\3.6.12\\json4s-scalap_2.13-3.6.12-sources.jar"
                        }
                    ]
                },
                {
                    "organization": "com.thoughtworks.paranamer",
                    "name": "paranamer",
                    "version": "2.8",
                    "configurations": "default",
                    "artifacts": [
                        {
                            "name": "paranamer",
                            "path": "C:\\Users\\blair\\AppData\\Local\\Coursier\\Cache\\v1\\https\\repo1.maven.org\\maven2\\com\\thoughtworks\\paranamer\\paranamer\\2.8\\paranamer-2.8.jar"
                        },
                        {
                            "name": "paranamer",
                            "classifier": "sources",
                            "path": "C:\\Users\\blair\\AppData\\Local\\Coursier\\Cache\\v1\\https\\repo1.maven.org\\maven2\\com\\thoughtworks\\paranamer\\paranamer\\2.8\\paranamer-2.8-sources.jar"
                        }
                    ]
                },
                {
                    "organization": "org.scala-lang",
                    "name": "scala-library",
                    "version": "2.13.7",
                    "configurations": "optional",
                    "artifacts": [
                        {
                            "name": "scala-library",
                            "path": "C:\\Users\\blair\\AppData\\Local\\Coursier\\Cache\\v1\\https\\repo1.maven.org\\maven2\\org\\scala-lang\\scala-library\\2.13.7\\scala-library-2.13.7.jar"
                        },
                        {
                            "name": "scala-library",
                            "classifier": "sources",
                            "path": "C:\\Users\\blair\\AppData\\Local\\Coursier\\Cache\\v1\\https\\repo1.maven.org\\maven2\\org\\scala-lang\\scala-library\\2.13.7\\scala-library-2.13.7-sources.jar"
                        }
                    ]
                }
            ]
        },
        "tags": [
            "library"
        ]
    }
}